"id","account_id","service_id","title","timestamp"
"1","1234567","111113","Build Success: Increase snapshot create timeout to 30 seconds","2021-07-31 12:04:48 AM"
"2","1234567","111115","DE-100: Change AWS Security Group Policy (committed by John Smith)","2021-07-31 12:19:06 AM"
"3","1234567","111111","Merge Pull Request","2021-07-31 12:20:11 AM"
"4","1234567","111114","DE-100: Change AWS Security Group Policy (committed by John Smith)","2021-07-31 12:20:20 AM"
"5","1234567","111111","Merge Pull Request","2021-07-31 12:40:10 AM"
"6","1234567","111113","DE-100: Change AWS Security Group Policy (committed by John Smith)","2021-07-31 12:42:15 AM"
"7","1234567","111111","Merge Pull Request","2021-07-31 12:52:16 AM"
"8","1234567","111115","DE-100: Change AWS Security Group Policy (committed by John Smith)","2021-07-31 12:55:12 AM"
"9","1234567","111115","DE-100: Change AWS Security Group Policy (committed by John Smith)","2021-07-31 1:01:14 AM"
"10","1234567","111112","Lorem ipsum dolor sit amet, consectetuer adipiscing elit. Proin risus. Praesent lectus.

Vestibulum quam sapien, varius ut, blandit non, interdum in, ante. Vestibulum ante ipsum primis in faucibus orci luctus et ultrices posuere cubilia Curae; Duis faucibus accumsan odio. Curabitur convallis.

Duis consequat dui nec nisi volutpat eleifend. Donec ut dolor. Morbi vel lectus in quam fringilla rhoncus.","2021-07-31 1:03:33 AM"
"11","1234567","111112","DE-100: Change AWS Security Group Policy (committed by John Smith)","2021-07-31 1:42:39 AM"
"12","1234567","111112","Production Jenkins Pipeline Change event.","2021-07-31 1:49:38 AM"
"13","1234567","111115","Successfully deployed module","2021-07-31 1:56:51 AM"
"14","1234567","111114","DE-100: Change AWS Security Group Policy (committed by John Smith)","2021-07-31 2:00:06 AM"
"15","1234567","111112","Production Jenkins Pipeline Change event.","2021-07-31 2:11:40 AM"
"16","1234567","111115","Bug fix in code: line 100","2021-07-31 2:13:18 AM"
"17","1234567","111115","Successfully deployed module","2021-07-31 2:24:44 AM"
"18","1234567","111112","Merge Pull Request","2021-07-31 2:36:35 AM"
"19","1234567","111111","Bug fix in code: line 100","2021-07-31 2:38:16 AM"
"20","1234567","111112","Successfully deployed module","2021-07-31 2:41:20 AM"
"21","1234567","111112","Production Jenkins Pipeline Change event.","2021-07-31 2:52:57 AM"
"22","1234567","111113","DE-100: Change AWS Security Group Policy (committed by John Smith)","2021-07-31 3:03:51 AM"
"23","1234567","111111","Production Jenkins Pipeline Change event.","2021-07-31 3:07:00 AM"
"24","1234567","111112","Production Jenkins Pipeline Change event.","2021-07-31 3:07:28 AM"
"25","1234567","111113","DE-100: Change AWS Security Group Policy (committed by John Smith)","2021-07-31 3:16:26 AM"
"26","1234567","111113","DE-100: Change AWS Security Group Policy (committed by John Smith)","2021-07-31 3:32:02 AM"
"27","1234567","111113","DE-100: Change AWS Security Group Policy (committed by John Smith)","2021-07-31 3:35:23 AM"
"28","1234567","111113","Production Jenkins Pipeline Change event.","2021-07-31 3:37:39 AM"
"29","1234567","111111","Successfully deployed module","2021-07-31 3:45:39 AM"
"30","1234567","111113","Successfully deployed module","2021-07-31 4:03:43 AM"
"31","1234567","111111","Merge Pull Request","2021-07-31 4:09:22 AM"
"32","1234567","111115","Bug fix in code: line 100","2021-07-31 4:22:40 AM"
"33","1234567","111111","Bug fix in code: line 100","2021-07-31 4:23:56 AM"
"34","1234567","111112","Bug fix in code: line 100","2021-07-31 4:24:56 AM"
"35","1234567","111115","Bug fix in code: line 100","2021-07-31 4:29:40 AM"
"36","1234567","111115","Successfully deployed module","2021-07-31 4:36:50 AM"
"37","1234567","111115","Merge Pull Request","2021-07-31 4:38:52 AM"
"38","1234567","111112","Build Success: Increase snapshot create timeout to 30 seconds","2021-07-31 4:49:34 AM"
"39","1234567","111112","Lorem ipsum dolor sit amet, consectetuer adipiscing elit. Proin risus. Praesent lectus.

Vestibulum quam sapien, varius ut, blandit non, interdum in, ante. Vestibulum ante ipsum primis in faucibus orci luctus et ultrices posuere cubilia Curae; Duis faucibus accumsan odio. Curabitur convallis.

Duis consequat dui nec nisi volutpat eleifend. Donec ut dolor. Morbi vel lectus in quam fringilla rhoncus.","2021-07-31 5:26:29 AM"
"40","1234567","111111","Lorem ipsum dolor sit amet, consectetuer adipiscing elit. Proin risus. Praesent lectus.

Vestibulum quam sapien, varius ut, blandit non, interdum in, ante. Vestibulum ante ipsum primis in faucibus orci luctus et ultrices posuere cubilia Curae; Duis faucibus accumsan odio. Curabitur convallis.

Duis consequat dui nec nisi volutpat eleifend. Donec ut dolor. Morbi vel lectus in quam fringilla rhoncus.","2021-07-31 5:35:50 AM"
"41","1234567","111115","DE-100: Change AWS Security Group Policy (committed by John Smith)","2021-07-31 5:50:59 AM"
"42","1234567","111111","Lorem ipsum dolor sit amet, consectetuer adipiscing elit. Proin risus. Praesent lectus.

Vestibulum quam sapien, varius ut, blandit non, interdum in, ante. Vestibulum ante ipsum primis in faucibus orci luctus et ultrices posuere cubilia Curae; Duis faucibus accumsan odio. Curabitur convallis.

Duis consequat dui nec nisi volutpat eleifend. Donec ut dolor. Morbi vel lectus in quam fringilla rhoncus.","2021-07-31 5:53:28 AM"
"43","1234567","111113","Production Jenkins Pipeline Change event.","2021-07-31 6:05:24 AM"
"44","1234567","111114","Build Success: Increase snapshot create timeout to 30 seconds","2021-07-31 6:09:55 AM"
"45","1234567","111112","DE-100: Change AWS Security Group Policy (committed by John Smith)","2021-07-31 6:23:08 AM"
"46","1234567","111111","Merge Pull Request","2021-07-31 6:24:44 AM"
"47","1234567","111114","DE-100: Change AWS Security Group Policy (committed by John Smith)","2021-07-31 6:47:32 AM"
"48","1234567","111115","Merge Pull Request","2021-07-31 7:11:54 AM"
"49","1234567","111113","Successfully deployed module","2021-07-31 7:18:23 AM"
"50","1234567","111113","DE-100: Change AWS Security Group Policy (committed by John Smith)","2021-07-31 7:20:18 AM"
"51","1234567","111113","Build Success: Increase snapshot create timeout to 30 seconds","2021-07-31 8:07:06 AM"
"52","1234567","111115","DE-100: Change AWS Security Group Policy (committed by John Smith)","2021-07-31 8:14:50 AM"
"53","1234567","111111","Merge Pull Request","2021-07-31 9:04:30 AM"
"54","1234567","111114","Build Success: Increase snapshot create timeout to 30 seconds","2021-07-31 9:08:41 AM"
"55","1234567","111111","Build Success: Increase snapshot create timeout to 30 seconds","2021-07-31 9:12:19 AM"
