"id","account_id","service_id","title","triggered_at"
"1","1234567","111113","HTTPS service is down","2021-07-31 12:00:27 AM"
"2","1234567","111112","Are you awake?","2021-07-31 12:07:33 AM"
"3","1234567","111114","Health check error","2021-07-31 12:11:22 AM"
"4","1234567","111112","Are you awake?","2021-07-31 12:12:08 AM"
"5","1234567","111111","API endpoint 123 is not responding","2021-07-31 12:14:07 AM"
"6","1234567","111112","Fusce posuere felis sed lacus. Morbi sem mauris; laoreet ut, rhoncus aliquet, pulvinar sed, nisl. Nunc rhoncus dui vel sem. Sed sagittis. Nam congue, risus semper porta volutpat, quam pede lobortis ligula, sit amet eleifend pede libero quis orci. Nullam molestie nibh in lectus. <div class=""liveSample"" spry:region=""dsExample2""> Values from array: <span spry:repeatchildren=""dsExample2"">{color}({value}) </span> </div>","2021-07-31 12:20:29 AM"
"7","1234567","111111","API endpoint 456 is not responding","2021-07-31 12:20:46 AM"
"8","1234567","111112","Fusce posuere felis sed lacus. Morbi sem mauris; laoreet ut, rhoncus aliquet, pulvinar sed, nisl. Nunc rhoncus dui vel sem. Sed sagittis. Nam congue, risus semper porta volutpat, quam pede lobortis ligula, sit amet eleifend pede libero quis orci. Nullam molestie nibh in lectus. <div class=""liveSample"" spry:region=""dsExample2""> Values from array: <span spry:repeatchildren=""dsExample2"">{color}({value}) </span> </div>","2021-07-31 12:20:49 AM"
"9","1234567","111111","API endpoint 789 is not responding","2021-07-31 12:23:30 AM"
"10","1234567","111113","HTTPS service is down","2021-07-31 12:25:52 AM"
"11","1234567","111112","Fusce posuere felis sed lacus. Morbi sem mauris; laoreet ut, rhoncus aliquet, pulvinar sed, nisl. Nunc rhoncus dui vel sem. Sed sagittis. Nam congue, risus semper porta volutpat, quam pede lobortis ligula, sit amet eleifend pede libero quis orci. Nullam molestie nibh in lectus. <div class=""liveSample"" spry:region=""dsExample2""> Values from array: <span spry:repeatchildren=""dsExample2"">{color}({value}) </span> </div>","2021-07-31 12:30:19 AM"
"12","1234567","111115","***************not important incident***************","2021-07-31 12:36:08 AM"
"13","1234567","111113","HTTPS service is down","2021-07-31 12:38:43 AM"
"14","1234567","111111","API endpoint 123 is not responding","2021-07-31 12:40:16 AM"
"15","1234567","111112","Are you awake?","2021-07-31 12:47:18 AM"
"16","1234567","111111","API endpoint 789 is not responding","2021-07-31 12:48:29 AM"
"17","1234567","111111","API endpoint 123 is not responding","2021-07-31 12:52:19 AM"
"18","1234567","111115","API endpoint 123 is not responding","2021-07-31 12:55:03 AM"
"19","1234567","111114","API endpoint 123 is not responding","2021-07-31 12:55:07 AM"
"20","1234567","111112","Are you awake?","2021-07-31 12:55:24 AM"
"21","1234567","111115","HTTPS service is down","2021-07-31 12:56:52 AM"
"22","1234567","111114","HTTPS service is down","2021-07-31 1:02:09 AM"
"23","1234567","111112","HTTPS service is down","2021-07-31 1:03:13 AM"
"24","1234567","111113","Health check error","2021-07-31 1:05:15 AM"
"25","1234567","111113","HTTPS service is down","2021-07-31 1:08:03 AM"
"26","1234567","111112","Are you awake?","2021-07-31 1:09:00 AM"
"27","1234567","111115","Health check error","2021-07-31 1:09:22 AM"
"28","1234567","111115","Are you awake?","2021-07-31 1:10:22 AM"
"29","1234567","111114","Health check error","2021-07-31 1:12:21 AM"
"30","1234567","111112","Health check error","2021-07-31 1:13:22 AM"
"31","1234567","111111","***************critical incident***************","2021-07-31 1:18:59 AM"
"32","1234567","111112","Are you awake?","2021-07-31 1:29:56 AM"
"33","1234567","111111","***************critical incident***************","2021-07-31 1:30:02 AM"
"34","1234567","111115","HTTPS service is down","2021-07-31 1:34:19 AM"
"35","1234567","111112","Are you awake?","2021-07-31 1:40:40 AM"
"36","1234567","111113","***************not important incident***************","2021-07-31 1:44:54 AM"
"37","1234567","111113","***************critical incident***************","2021-07-31 1:46:28 AM"
"38","1234567","111114","Health check error - escalated","2021-07-31 1:48:07 AM"
"39","1234567","111114","Health check error - escalated","2021-07-31 1:48:20 AM"
"40","1234567","111114","Health check error - escalated","2021-07-31 1:49:41 AM"
"41","1234567","111111","***************not important incident***************","2021-07-31 1:50:33 AM"
"42","1234567","111115","Health check error","2021-07-31 1:57:23 AM"
"43","1234567","111112","***************not important incident***************","2021-07-31 2:04:27 AM"
"44","1234567","111115","***************critical incident***************","2021-07-31 2:08:40 AM"
"45","1234567","111112","Are you awake?","2021-07-31 2:16:44 AM"
"46","1234567","111111","***************not important incident***************","2021-07-31 2:18:40 AM"
"47","1234567","111112","Are you awake?","2021-07-31 2:19:04 AM"
"48","1234567","111115","Health check error","2021-07-31 2:24:46 AM"
"49","1234567","111113","***************not important incident***************","2021-07-31 2:24:55 AM"
"50","1234567","111115","***************critical incident***************","2021-07-31 2:25:04 AM"
"51","1234567","111112","***************not important incident***************","2021-07-31 2:25:36 AM"
"52","1234567","111115","***************critical incident***************","2021-07-31 2:28:35 AM"
"53","1234567","111112","Are you awake?","2021-07-31 2:34:53 AM"
"54","1234567","111111","***************critical incident***************","2021-07-31 2:42:27 AM"
"55","1234567","111114","***************critical incident***************","2021-07-31 2:44:46 AM"
"56","1234567","111112","***************critical incident***************","2021-07-31 2:57:50 AM"
"57","1234567","111113","***************critical incident***************","2021-07-31 2:57:54 AM"
"58","1234567","111112","Are you awake?","2021-07-31 3:09:42 AM"
"59","1234567","111111","***************critical incident***************","2021-07-31 3:10:14 AM"
"60","1234567","111112","Are you awake?","2021-07-31 3:10:34 AM"
"61","1234567","111114","***************critical incident***************","2021-07-31 3:12:30 AM"
"62","1234567","111115","***************not important incident***************","2021-07-31 3:13:56 AM"
"63","1234567","111111","***************not important incident***************","2021-07-31 3:24:51 AM"
"64","1234567","111112","Are you awake?","2021-07-31 3:26:56 AM"
"65","1234567","111114","***************not important incident***************","2021-07-31 3:36:47 AM"
"66","1234567","111113","***************not important incident***************","2021-07-31 3:44:37 AM"
"67","1234567","111114","***************not important incident***************","2021-07-31 3:49:23 AM"
"68","1234567","111112","Are you awake?","2021-07-31 4:02:11 AM"
"69","1234567","111114","***************critical incident***************","2021-07-31 4:06:46 AM"
"70","1234567","111113","***************not important incident***************","2021-07-31 4:07:37 AM"
"71","1234567","111115","***************critical incident***************","2021-07-31 4:08:25 AM"
"72","1234567","111114","Are you awake?","2021-07-31 4:16:29 AM"
"73","1234567","111111","***************not important incident***************","2021-07-31 4:33:46 AM"
"74","1234567","111112","***************not important incident***************","2021-07-31 4:43:11 AM"
"75","1234567","111114","***************critical incident***************","2021-07-31 4:43:25 AM"
"76","1234567","111112","***************not important incident***************","2021-07-31 4:44:09 AM"
"77","1234567","111113","***************critical incident***************","2021-07-31 4:45:51 AM"
"78","1234567","111114","***************critical incident***************","2021-07-31 4:49:34 AM"
"79","1234567","111113","Fusce posuere felis sed lacus. Morbi sem mauris, laoreet ut, rhoncus aliquet, pulvinar sed, nisl. Nunc rhoncus dui vel sem. Sed sagittis. Nam congue, risus semper porta volutpat, quam pede lobortis ligula, sit amet eleifend pede libero quis orci.","2021-07-31 4:50:13 AM"
"80","1234567","111112","Are you awake?","2021-07-31 4:53:00 AM"
"81","1234567","111112","***************critical incident***************","2021-07-31 4:58:24 AM"
"82","1234567","111111","***************critical incident***************","2021-07-31 5:25:11 AM"
"83","1234567","111115","***************critical incident***************","2021-07-31 5:36:58 AM"
"84","1234567","111114","***************critical incident***************","2021-07-31 5:56:14 AM"
"85","1234567","111113","***************critical incident***************","2021-07-31 6:00:16 AM"
"86","1234567","111112","Are you awake?","2021-07-31 6:10:25 AM"
"87","1234567","111111","***************critical incident***************","2021-07-31 6:16:00 AM"
"88","1234567","111115","***************critical incident***************","2021-07-31 6:16:23 AM"
"89","1234567","111113","***************critical incident***************","2021-07-31 6:24:45 AM"
"90","1234567","111115","Are you awake?","2021-07-31 6:25:06 AM"
"91","1234567","111113","***************not important incident***************","2021-07-31 6:27:30 AM"
"92","1234567","111115","Are you awake?","2021-07-31 6:29:00 AM"
"93","1234567","111113","Are you awake?","2021-07-31 6:31:23 AM"
"94","1234567","111114","***************not important incident***************","2021-07-31 6:31:40 AM"
"95","1234567","111114","***************critical incident***************","2021-07-31 6:37:18 AM"
"96","1234567","111115","***************critical incident***************","2021-07-31 6:43:47 AM"
"97","1234567","111111","***************not important incident***************","2021-07-31 6:46:55 AM"
"98","1234567","111115","***************not important incident***************","2021-07-31 6:48:33 AM"
"99","1234567","111114","***************critical incident***************","2021-07-31 6:58:30 AM"
"100","1234567","111114","***************critical incident***************","2021-07-31 7:03:29 AM"
"101","1234567","111113","***************not important incident***************","2021-07-31 7:08:36 AM"
"102","1234567","111113","***************not important incident***************","2021-07-31 7:24:16 AM"
"103","1234567","111112","Are you awake?","2021-07-31 7:25:13 AM"
"104","1234567","111114","Are you awake?","2021-07-31 7:32:35 AM"
"105","1234567","111115","***************not important incident***************","2021-07-31 7:34:38 AM"
"106","1234567","111111","***************critical incident***************","2021-07-31 7:37:50 AM"
"107","1234567","111115","***************not important incident***************","2021-07-31 7:38:46 AM"
"108","1234567","111112","Are you awake?","2021-07-31 7:43:21 AM"
"109","1234567","111113","***************critical incident***************","2021-07-31 7:44:09 AM"
"110","1234567","111113","Are you awake?","2021-07-31 7:45:01 AM"
"111","1234567","111111","Are you awake?","2021-07-31 7:48:05 AM"
"112","1234567","111112","***************not important incident***************","2021-07-31 7:49:57 AM"
"113","1234567","111112","HTTPS service is down","2021-07-31 7:51:39 AM"
"114","1234567","111115","***************not important incident***************","2021-07-31 7:53:54 AM"
"115","1234567","111115","***************not important incident***************","2021-07-31 7:56:14 AM"
"116","1234567","111112","HTTPS service is down","2021-07-31 8:03:27 AM"
"117","1234567","111112","Are you awake?","2021-07-31 8:05:32 AM"
"118","1234567","111114","***************not important incident***************","2021-07-31 8:13:17 AM"
"119","1234567","111112","Fusce posuere felis sed lacus. Morbi sem mauris; laoreet ut, rhoncus aliquet, pulvinar sed, nisl. Nunc rhoncus dui vel sem. Sed sagittis. Nam congue, risus semper porta volutpat, quam pede lobortis ligula, sit amet eleifend pede libero quis orci. Nullam molestie nibh in lectus. <div class=""liveSample"" spry:region=""dsExample2""> Values from array: <span spry:repeatchildren=""dsExample2"">{color}({value}) </span> </div>","2021-07-31 8:17:21 AM"
"120","1234567","111114","***************not important incident***************","2021-07-31 8:19:20 AM"
"121","1234567","111113","***************not important incident***************","2021-07-31 8:23:26 AM"
"122","1234567","111114","HTTPS service is down","2021-07-31 8:24:11 AM"
"123","1234567","111113","***************not important incident***************","2021-07-31 8:28:05 AM"
"124","1234567","111115","***************not important incident***************","2021-07-31 8:31:12 AM"
"125","1234567","111111","***************not important incident***************","2021-07-31 8:32:48 AM"
"126","1234567","111111","***************not important incident***************","2021-07-31 8:35:10 AM"
"127","1234567","111114","***************not important incident***************","2021-07-31 8:41:25 AM"
"128","1234567","111111","HTTPS service is down","2021-07-31 8:47:23 AM"
"129","1234567","111112","Are you awake?","2021-07-31 8:48:11 AM"
"130","1234567","111114","***************not important incident***************","2021-07-31 8:50:48 AM"
"131","1234567","111114","Health check error","2021-07-31 8:51:35 AM"
"132","1234567","111114","***************not important incident***************","2021-07-31 8:52:30 AM"
"133","1234567","111112","Health check error","2021-07-31 9:01:05 AM"
"134","1234567","111111","API endpoint 456 is not responding","2021-07-31 9:01:27 AM"
"135","1234567","111113","HTTPS service is down","2021-07-31 9:01:27 AM"
"136","1234567","111114","***************not important incident***************","2021-07-31 9:06:39 AM"
"137","1234567","111112","Are you awake?","2021-07-31 9:11:05 AM"
"138","1234567","111112","Fusce posuere felis sed lacus. Morbi sem mauris; laoreet ut, rhoncus aliquet, pulvinar sed, nisl. Nunc rhoncus dui vel sem. Sed sagittis. Nam congue, risus semper porta volutpat, quam pede lobortis ligula, sit amet eleifend pede libero quis orci. Nullam molestie nibh in lectus. <div class=""liveSample"" spry:region=""dsExample2""> Values from array: <span spry:repeatchildren=""dsExample2"">{color}({value}) </span> </div>","2021-07-31 9:16:57 AM"
"139","1234567","111115","HTTPS service is down","2021-07-31 9:19:46 AM"
"140","1234567","111113","HTTPS service is down","2021-07-31 9:25:59 AM"
"141","1234567","111112","Are you awake?","2021-07-31 9:28:58 AM"
"142","1234567","111111","API endpoint 456 is not responding","2021-07-31 9:29:16 AM"
"143","1234567","111115","Health check error","2021-07-31 9:46:50 AM"
"144","1234567","111115","HTTPS service is down","2021-07-31 9:47:05 AM"
"145","1234567","111115","HTTPS service is down","2021-07-31 9:50:20 AM"
"146","1234567","111111","Are you awake?","2021-07-31 9:54:29 AM"
"147","1234567","111115","Health check error","2021-07-31 9:59:21 AM"